episode,scheduler,total_scans,hits,misses,false_alarms,pd,pfa,event_detection_rate,intercepted_events,missed_events,total_events,average_intercept_time,simulation_time
1,Sequential,500,52,443,5,0.6753246753246753,0.01182033096926714,0.1276595744680851,30,205,235,5.633333333333334,1000
2,Sequential,500,48,442,10,0.7272727272727273,0.02304147465437788,0.12422360248447205,40,282,322,5.175,1000
3,Sequential,500,38,455,7,0.7450980392156863,0.015590200445434299,0.15706806282722513,30,161,191,6.2,1000
4,Sequential,500,30,462,8,0.7894736842105263,0.017316017316017316,0.09523809523809523,18,171,189,5.944444444444445,1000
5,Sequential,500,38,452,10,0.6909090909090909,0.02247191011235955,0.12980769230769232,27,181,208,9.333333333333334,1000
6,Sequential,500,35,454,11,0.813953488372093,0.024070021881838075,0.1004566210045662,22,197,219,5.7272727272727275,1000
7,Sequential,500,46,446,8,0.6865671641791045,0.018475750577367205,0.06905370843989769,27,364,391,5.703703703703703,1000
8,Sequential,500,49,437,14,0.7424242424242424,0.03225806451612903,0.11231884057971014,31,245,276,7.290322580645161,1000
9,Sequential,500,45,447,8,0.6923076923076923,0.01839080459770115,0.14450867052023122,25,148,173,6.8,1000
10,Sequential,500,49,438,13,0.8032786885245902,0.029612756264236904,0.12719298245614036,29,199,228,4.931034482758621,1000
11,Sequential,500,52,439,9,0.7761194029850746,0.020785219399538105,0.20245398773006135,33,130,163,6.0606060606060606,1000
12,Sequential,500,55,435,10,0.8461538461538461,0.022988505747126436,0.14666666666666667,33,192,225,4.515151515151516,1000
13,Sequential,500,64,429,7,0.7710843373493976,0.016786570743405275,0.14506172839506173,47,277,324,3.9361702127659575,1000
14,Sequential,500,43,447,10,0.7543859649122807,0.022573363431151242,0.09813084112149532,21,193,214,5.571428571428571,1000
15,Sequential,500,47,444,9,0.746031746031746,0.020594965675057208,0.14356435643564355,29,173,202,10.068965517241379,1000
16,Sequential,500,28,468,4,0.5833333333333334,0.008849557522123894,0.11274509803921569,23,181,204,8.478260869565217,1000
17,Sequential,500,49,441,10,0.765625,0.022935779816513763,0.13584905660377358,36,229,265,6.0,1000
18,Sequential,500,38,453,9,0.6909090909090909,0.020224719101123594,0.11173184357541899,20,159,179,6.5,1000
19,Sequential,500,35,464,1,0.6730769230769231,0.002232142857142857,0.17088607594936708,27,131,158,6.518518518518518,1000
20,Sequential,500,43,448,9,0.8269230769230769,0.020089285714285716,0.08659217877094973,31,327,358,4.548387096774194,1000
21,Sequential,500,22,469,9,0.6470588235294118,0.019313304721030045,0.09734513274336283,11,102,113,8.363636363636363,1000
22,Sequential,500,43,446,11,0.7413793103448276,0.024886877828054297,0.11923076923076924,31,229,260,5.32258064516129,1000
23,Sequential,500,42,452,6,0.6774193548387096,0.0136986301369863,0.11188811188811189,32,254,286,3.59375,1000
24,Sequential,500,58,433,9,0.7435897435897436,0.02132701421800948,0.13812154696132597,25,156,181,6.08,1000
25,Sequential,500,50,440,10,0.7936507936507936,0.02288329519450801,0.10245901639344263,25,219,244,8.2,1000
26,Sequential,500,35,456,9,0.5384615384615384,0.020689655172413793,0.10218978102189781,28,246,274,8.535714285714286,1000
27,Sequential,500,35,456,9,0.6481481481481481,0.020179372197309416,0.07807807807807808,26,307,333,4.653846153846154,1000
28,Sequential,500,52,440,8,0.7878787878787878,0.018433179723502304,0.2,33,132,165,11.242424242424242,1000
29,Sequential,500,41,446,13,0.6721311475409836,0.029612756264236904,0.09274193548387097,23,225,248,4.217391304347826,1000
30,Sequential,500,38,456,6,0.6666666666666666,0.013544018058690745,0.07874015748031496,20,234,254,4.85,1000
31,Sequential,500,36,456,8,0.7659574468085106,0.017660044150110375,0.13114754098360656,24,159,183,7.583333333333333,1000
32,Sequential,500,42,450,8,0.7241379310344828,0.01809954751131222,0.16042780748663102,30,157,187,7.466666666666667,1000
33,Sequential,500,32,456,12,0.7441860465116279,0.0262582056892779,0.08173076923076923,17,191,208,5.529411764705882,1000
34,Sequential,500,43,448,9,0.6825396825396826,0.020594965675057208,0.09268292682926829,19,186,205,7.0,1000
35,Sequential,500,57,436,7,0.6195652173913043,0.01715686274509804,0.1956521739130435,36,148,184,7.305555555555555,1000
36,Sequential,500,39,453,8,0.6842105263157895,0.01805869074492099,0.15591397849462366,29,157,186,10.586206896551724,1000
37,Sequential,500,32,457,11,0.5925925925925926,0.02466367713004484,0.10218978102189781,28,246,274,7.178571428571429,1000
38,Sequential,500,52,440,8,0.7536231884057971,0.018561484918793503,0.1657142857142857,29,146,175,11.517241379310345,1000
39,Sequential,500,40,452,8,0.7272727272727273,0.017977528089887642,0.12154696132596685,22,159,181,5.545454545454546,1000
40,Sequential,500,51,441,8,0.68,0.018823529411764704,0.10638297872340426,35,294,329,10.0,1000
41,Sequential,500,53,442,5,0.7571428571428571,0.011627906976744186,0.09274193548387097,23,225,248,5.3478260869565215,1000
42,Sequential,500,46,441,13,0.6764705882352942,0.03009259259259259,0.10837438423645321,22,181,203,10.409090909090908,1000
43,Sequential,500,29,463,8,0.725,0.017391304347826087,0.07766990291262135,16,190,206,10.4375,1000
44,Sequential,500,48,445,7,0.7272727272727273,0.016129032258064516,0.125,20,140,160,6.8,1000
45,Sequential,500,51,441,8,0.7611940298507462,0.018475750577367205,0.14754098360655737,27,156,183,7.185185185185185,1000
46,Sequential,500,52,440,8,0.7428571428571429,0.018604651162790697,0.13636363636363635,36,228,264,7.416666666666667,1000
47,Sequential,500,39,459,2,0.639344262295082,0.004555808656036446,0.10687022900763359,28,234,262,5.071428571428571,1000
48,Sequential,500,66,426,8,0.75,0.019417475728155338,0.2018348623853211,44,174,218,6.863636363636363,1000
49,Sequential,500,49,440,11,0.6805555555555556,0.02570093457943925,0.11006289308176101,35,283,318,6.371428571428571,1000
50,Sequential,500,37,446,17,0.7254901960784313,0.0378619153674833,0.16556291390728478,25,126,151,9.92,1000
1,Random,514,45,459,10,0.7258064516129032,0.022123893805309734,0.09361702127659574,22,213,235,7.409090909090909,1000
2,Random,513,44,462,7,0.7213114754098361,0.015486725663716814,0.10869565217391304,35,287,322,5.885714285714286,1000
3,Random,514,45,465,4,0.7258064516129032,0.008849557522123894,0.14136125654450263,27,164,191,8.88888888888889,1000
4,Random,512,31,471,10,0.6595744680851063,0.021505376344086023,0.12169312169312169,23,166,189,7.782608695652174,1000
5,Random,515,47,461,7,0.7833333333333333,0.015384615384615385,0.15865384615384615,33,175,208,6.545454545454546,1000
6,Random,517,40,466,11,0.7547169811320755,0.023706896551724137,0.1141552511415525,25,194,219,7.96,1000
7,Random,509,39,464,6,0.6724137931034483,0.013303769401330377,0.06649616368286446,26,365,391,14.615384615384615,1000
8,Random,513,44,456,13,0.6984126984126984,0.028888888888888888,0.09782608695652174,27,249,276,10.62962962962963,1000
9,Random,515,46,454,15,0.696969696969697,0.0334075723830735,0.13872832369942195,24,149,173,6.25,1000
10,Random,515,44,462,9,0.7857142857142857,0.0196078431372549,0.09649122807017543,22,206,228,5.363636363636363,1000
11,Random,516,44,464,8,0.7333333333333333,0.017543859649122806,0.1411042944785276,23,140,163,5.565217391304348,1000
12,Random,513,36,472,5,0.631578947368421,0.010964912280701754,0.08888888888888889,20,205,225,7.2,1000
13,Random,516,59,449,8,0.7564102564102564,0.0182648401826484,0.11419753086419752,37,287,324,5.45945945945946,1000
14,Random,512,34,473,5,0.6938775510204082,0.01079913606911447,0.0794392523364486,17,197,214,11.294117647058824,1000
15,Random,511,49,453,9,0.7313432835820896,0.02027027027027027,0.18316831683168316,37,165,202,9.756756756756756,1000
16,Random,514,36,470,8,0.7659574468085106,0.017130620985010708,0.12254901960784313,25,179,204,10.04,1000
17,Random,512,31,468,13,0.6078431372549019,0.028199566160520606,0.0830188679245283,22,243,265,10.681818181818182,1000
18,Random,514,40,463,11,0.6349206349206349,0.024390243902439025,0.13966480446927373,25,154,179,5.2,1000
19,Random,510,32,469,9,0.7272727272727273,0.019313304721030045,0.12025316455696203,19,139,158,9.894736842105264,1000
20,Random,515,43,463,9,0.671875,0.019955654101995565,0.08659217877094973,31,327,358,4.387096774193548,1000
21,Random,513,25,472,16,0.7352941176470589,0.033402922755741124,0.09734513274336283,11,102,113,10.363636363636363,1000
22,Random,516,39,465,12,0.6964285714285714,0.02608695652173913,0.09230769230769231,24,236,260,8.875,1000
23,Random,513,46,459,8,0.6865671641791045,0.017937219730941704,0.0944055944055944,27,259,286,5.111111111111111,1000
24,Random,513,59,447,7,0.6941176470588235,0.016355140186915886,0.1270718232044199,23,158,181,9.521739130434783,1000
25,Random,512,47,457,8,0.7833333333333333,0.017699115044247787,0.10655737704918032,26,218,244,8.5,1000
26,Random,512,51,450,11,0.796875,0.024553571428571428,0.12043795620437957,33,241,274,6.03030303030303,1000
27,Random,512,40,465,7,0.7407407407407407,0.015283842794759825,0.06606606606606606,22,311,333,8.227272727272727,1000
28,Random,511,51,458,2,0.7285714285714285,0.0045351473922902496,0.1696969696969697,28,137,165,6.678571428571429,1000
29,Random,513,46,459,8,0.8070175438596491,0.017543859649122806,0.10887096774193548,27,221,248,5.222222222222222,1000
30,Random,510,46,451,13,0.7301587301587301,0.029082774049217,0.0984251968503937,25,229,254,6.76,1000
31,Random,516,40,462,14,0.7142857142857143,0.030434782608695653,0.1366120218579235,25,158,183,10.64,1000
32,Random,512,39,463,10,0.7358490566037735,0.02178649237472767,0.13368983957219252,25,162,187,10.0,1000
33,Random,509,34,468,7,0.6415094339622641,0.015350877192982455,0.1201923076923077,25,183,208,6.88,1000
34,Random,516,43,467,6,0.6935483870967742,0.013215859030837005,0.08780487804878048,18,187,205,8.38888888888889,1000
35,Random,513,75,434,4,0.78125,0.009592326139088728,0.17391304347826086,32,152,184,7.03125,1000
36,Random,516,45,461,10,0.7894736842105263,0.02178649237472767,0.15591397849462366,29,157,186,7.931034482758621,1000
37,Random,514,43,456,15,0.8113207547169812,0.03253796095444685,0.12408759124087591,34,240,274,6.647058823529412,1000
38,Random,512,56,448,8,0.6666666666666666,0.018691588785046728,0.13142857142857142,23,152,175,7.260869565217392,1000
39,Random,511,39,464,8,0.6964285714285714,0.017582417582417582,0.13812154696132597,25,156,181,9.36,1000
40,Random,510,60,438,12,0.6976744186046512,0.02830188679245283,0.1033434650455927,34,295,329,4.205882352941177,1000
41,Random,512,51,453,8,0.7285714285714285,0.01809954751131222,0.0846774193548387,21,227,248,9.523809523809524,1000
42,Random,513,53,449,11,0.7162162162162162,0.025056947608200455,0.12807881773399016,26,177,203,8.961538461538462,1000
43,Random,514,25,478,11,0.6410256410256411,0.023157894736842106,0.043689320388349516,9,197,206,12.666666666666666,1000
44,Random,515,49,459,7,0.7205882352941176,0.015659955257270694,0.1,16,144,160,6.0,1000
45,Random,511,56,443,12,0.7567567567567568,0.02745995423340961,0.10382513661202186,19,164,183,6.0,1000
46,Random,514,57,444,13,0.6705882352941176,0.030303030303030304,0.13636363636363635,36,228,264,5.888888888888889,1000
47,Random,513,52,451,10,0.6666666666666666,0.022988505747126436,0.13740458015267176,36,226,262,5.722222222222222,1000
48,Random,512,66,442,4,0.7764705882352941,0.00936768149882904,0.1559633027522936,34,184,218,8.558823529411764,1000
49,Random,514,61,439,14,0.6931818181818182,0.03286384976525822,0.11635220125786164,37,281,318,6.054054054054054,1000
50,Random,516,43,459,14,0.7962962962962963,0.030303030303030304,0.15894039735099338,24,127,151,10.375,1000
1,Round Robin,500,52,443,5,0.6753246753246753,0.01182033096926714,0.1276595744680851,30,205,235,5.633333333333334,1000
2,Round Robin,500,48,442,10,0.7272727272727273,0.02304147465437788,0.12422360248447205,40,282,322,5.175,1000
3,Round Robin,500,38,455,7,0.7450980392156863,0.015590200445434299,0.15706806282722513,30,161,191,6.2,1000
4,Round Robin,500,30,462,8,0.7894736842105263,0.017316017316017316,0.09523809523809523,18,171,189,5.944444444444445,1000
5,Round Robin,500,38,452,10,0.6909090909090909,0.02247191011235955,0.12980769230769232,27,181,208,9.333333333333334,1000
6,Round Robin,500,35,454,11,0.813953488372093,0.024070021881838075,0.1004566210045662,22,197,219,5.7272727272727275,1000
7,Round Robin,500,46,446,8,0.6865671641791045,0.018475750577367205,0.06905370843989769,27,364,391,5.703703703703703,1000
8,Round Robin,500,49,437,14,0.7424242424242424,0.03225806451612903,0.11231884057971014,31,245,276,7.290322580645161,1000
9,Round Robin,500,45,447,8,0.6923076923076923,0.01839080459770115,0.14450867052023122,25,148,173,6.8,1000
10,Round Robin,500,49,438,13,0.8032786885245902,0.029612756264236904,0.12719298245614036,29,199,228,4.931034482758621,1000
11,Round Robin,500,52,439,9,0.7761194029850746,0.020785219399538105,0.20245398773006135,33,130,163,6.0606060606060606,1000
12,Round Robin,500,55,435,10,0.8461538461538461,0.022988505747126436,0.14666666666666667,33,192,225,4.515151515151516,1000
13,Round Robin,500,64,429,7,0.7710843373493976,0.016786570743405275,0.14506172839506173,47,277,324,3.9361702127659575,1000
14,Round Robin,500,43,447,10,0.7543859649122807,0.022573363431151242,0.09813084112149532,21,193,214,5.571428571428571,1000
15,Round Robin,500,47,444,9,0.746031746031746,0.020594965675057208,0.14356435643564355,29,173,202,10.068965517241379,1000
16,Round Robin,500,28,468,4,0.5833333333333334,0.008849557522123894,0.11274509803921569,23,181,204,8.478260869565217,1000
17,Round Robin,500,49,441,10,0.765625,0.022935779816513763,0.13584905660377358,36,229,265,6.0,1000
18,Round Robin,500,38,453,9,0.6909090909090909,0.020224719101123594,0.11173184357541899,20,159,179,6.5,1000
19,Round Robin,500,35,464,1,0.6730769230769231,0.002232142857142857,0.17088607594936708,27,131,158,6.518518518518518,1000
20,Round Robin,500,43,448,9,0.8269230769230769,0.020089285714285716,0.08659217877094973,31,327,358,4.548387096774194,1000
21,Round Robin,500,22,469,9,0.6470588235294118,0.019313304721030045,0.09734513274336283,11,102,113,8.363636363636363,1000
22,Round Robin,500,43,446,11,0.7413793103448276,0.024886877828054297,0.11923076923076924,31,229,260,5.32258064516129,1000
23,Round Robin,500,42,452,6,0.6774193548387096,0.0136986301369863,0.11188811188811189,32,254,286,3.59375,1000
24,Round Robin,500,58,433,9,0.7435897435897436,0.02132701421800948,0.13812154696132597,25,156,181,6.08,1000
25,Round Robin,500,50,440,10,0.7936507936507936,0.02288329519450801,0.10245901639344263,25,219,244,8.2,1000
26,Round Robin,500,35,456,9,0.5384615384615384,0.020689655172413793,0.10218978102189781,28,246,274,8.535714285714286,1000
27,Round Robin,500,35,456,9,0.6481481481481481,0.020179372197309416,0.07807807807807808,26,307,333,4.653846153846154,1000
28,Round Robin,500,52,440,8,0.7878787878787878,0.018433179723502304,0.2,33,132,165,11.242424242424242,1000
29,Round Robin,500,41,446,13,0.6721311475409836,0.029612756264236904,0.09274193548387097,23,225,248,4.217391304347826,1000
30,Round Robin,500,38,456,6,0.6666666666666666,0.013544018058690745,0.07874015748031496,20,234,254,4.85,1000
31,Round Robin,500,36,456,8,0.7659574468085106,0.017660044150110375,0.13114754098360656,24,159,183,7.583333333333333,1000
32,Round Robin,500,42,450,8,0.7241379310344828,0.01809954751131222,0.16042780748663102,30,157,187,7.466666666666667,1000
33,Round Robin,500,32,456,12,0.7441860465116279,0.0262582056892779,0.08173076923076923,17,191,208,5.529411764705882,1000
34,Round Robin,500,43,448,9,0.6825396825396826,0.020594965675057208,0.09268292682926829,19,186,205,7.0,1000
35,Round Robin,500,57,436,7,0.6195652173913043,0.01715686274509804,0.1956521739130435,36,148,184,7.305555555555555,1000
36,Round Robin,500,39,453,8,0.6842105263157895,0.01805869074492099,0.15591397849462366,29,157,186,10.586206896551724,1000
37,Round Robin,500,32,457,11,0.5925925925925926,0.02466367713004484,0.10218978102189781,28,246,274,7.178571428571429,1000
38,Round Robin,500,52,440,8,0.7536231884057971,0.018561484918793503,0.1657142857142857,29,146,175,11.517241379310345,1000
39,Round Robin,500,40,452,8,0.7272727272727273,0.017977528089887642,0.12154696132596685,22,159,181,5.545454545454546,1000
40,Round Robin,500,51,441,8,0.68,0.018823529411764704,0.10638297872340426,35,294,329,10.0,1000
41,Round Robin,500,53,442,5,0.7571428571428571,0.011627906976744186,0.09274193548387097,23,225,248,5.3478260869565215,1000
42,Round Robin,500,46,441,13,0.6764705882352942,0.03009259259259259,0.10837438423645321,22,181,203,10.409090909090908,1000
43,Round Robin,500,29,463,8,0.725,0.017391304347826087,0.07766990291262135,16,190,206,10.4375,1000
44,Round Robin,500,48,445,7,0.7272727272727273,0.016129032258064516,0.125,20,140,160,6.8,1000
45,Round Robin,500,51,441,8,0.7611940298507462,0.018475750577367205,0.14754098360655737,27,156,183,7.185185185185185,1000
46,Round Robin,500,52,440,8,0.7428571428571429,0.018604651162790697,0.13636363636363635,36,228,264,7.416666666666667,1000
47,Round Robin,500,39,459,2,0.639344262295082,0.004555808656036446,0.10687022900763359,28,234,262,5.071428571428571,1000
48,Round Robin,500,66,426,8,0.75,0.019417475728155338,0.2018348623853211,44,174,218,6.863636363636363,1000
49,Round Robin,500,49,440,11,0.6805555555555556,0.02570093457943925,0.11006289308176101,35,283,318,6.371428571428571,1000
50,Round Robin,500,37,446,17,0.7254901960784313,0.0378619153674833,0.16556291390728478,25,126,151,9.92,1000
1,Greedy,953,579,369,5,0.7201492537313433,0.03355704697986577,0.00851063829787234,2,233,235,19.0,1000
2,Greedy,962,400,552,10,0.7407407407407407,0.023696682464454975,0.09627329192546584,31,291,322,1.5483870967741935,1000
3,Greedy,960,331,618,11,0.6810699588477366,0.023206751054852322,0.005235602094240838,1,190,191,13.0,1000
4,Greedy,916,154,749,13,0.6905829596412556,0.01875901875901876,0.10582010582010581,20,169,189,0.85,1000
5,Greedy,980,410,564,6,0.7256637168141593,0.014457831325301205,0.004807692307692308,1,207,208,28.0,1000
6,Greedy,938,190,741,7,0.753968253968254,0.01020408163265306,0.0091324200913242,2,217,219,10.0,1000
7,Greedy,980,586,393,1,0.693491124260355,0.007407407407407408,0.0025575447570332483,1,390,391,28.0,1000
8,Greedy,937,446,487,4,0.7045813586097947,0.013157894736842105,0.010869565217391304,3,273,276,8.333333333333334,1000
9,Greedy,980,531,445,4,0.7175675675675676,0.016666666666666666,0.005780346820809248,1,172,173,33.0,1000
10,Greedy,971,314,645,12,0.6811279826464208,0.023529411764705882,0.0043859649122807015,1,227,228,37.0,1000
11,Greedy,978,594,381,3,0.7351485148514851,0.01764705882352941,0.12883435582822086,21,142,163,3.8095238095238093,1000
12,Greedy,965,611,350,4,0.746031746031746,0.0273972602739726,0.0044444444444444444,1,224,225,19.0,1000
13,Greedy,964,665,297,2,0.7331863285556781,0.03508771929824561,0.0030864197530864196,1,323,324,38.0,1000
14,Greedy,942,307,620,15,0.7122969837587007,0.029354207436399216,0.009345794392523364,2,212,214,26.0,1000
15,Greedy,914,150,749,15,0.6818181818181818,0.021613832853025938,0.0049504950495049506,1,201,202,11.0,1000
16,Greedy,948,233,702,13,0.7191358024691358,0.020833333333333332,0.04411764705882353,9,195,204,5.777777777777778,1000
17,Greedy,980,331,636,13,0.70276008492569,0.025540275049115914,0.0037735849056603774,1,264,265,1.0,1000
18,Greedy,923,233,675,15,0.7236024844720497,0.024958402662229616,0.00558659217877095,1,178,179,24.0,1000
19,Greedy,918,160,736,22,0.7111111111111111,0.031746031746031744,0.24050632911392406,38,120,158,0.631578947368421,1000
20,Greedy,957,308,639,10,0.77,0.017953321364452424,0.329608938547486,118,240,358,0.3983050847457627,1000
21,Greedy,940,212,719,9,0.7066666666666667,0.0140625,0.008849557522123894,1,112,113,16.0,1000
22,Greedy,967,500,461,6,0.7102272727272727,0.022813688212927757,0.16153846153846155,42,218,260,1.2142857142857142,1000
23,Greedy,956,259,684,13,0.7095890410958904,0.021996615905245348,0.24125874125874125,69,217,286,0.43478260869565216,1000
24,Greedy,968,652,316,0,0.7048648648648649,0.0,0.016574585635359115,3,178,181,9.666666666666666,1000
25,Greedy,980,397,576,7,0.728440366972477,0.016091954022988506,0.004098360655737705,1,243,244,8.0,1000
26,Greedy,920,191,719,10,0.6895306859205776,0.015552099533437015,0.08759124087591241,24,250,274,0.4166666666666667,1000
27,Greedy,947,268,671,8,0.7146666666666667,0.013986013986013986,0.12012012012012012,40,293,333,0.5,1000
28,Greedy,973,379,583,11,0.7150943396226415,0.024830699774266364,0.18181818181818182,30,135,165,13.7,1000
29,Greedy,959,305,639,15,0.7176470588235294,0.028089887640449437,0.008064516129032258,2,246,248,315.5,1000
30,Greedy,980,597,381,2,0.6933797909407665,0.01680672268907563,0.003937007874015748,1,253,254,0.0,1000
31,Greedy,959,494,458,7,0.7057142857142857,0.02702702702702703,0.08196721311475409,15,168,183,3.3333333333333335,1000
32,Greedy,901,173,709,19,0.7061224489795919,0.028963414634146343,0.0374331550802139,7,180,187,33.0,1000
33,Greedy,936,213,706,17,0.696078431372549,0.026984126984126985,0.019230769230769232,4,204,208,17.5,1000
34,Greedy,975,524,448,3,0.753956834532374,0.010714285714285714,0.04878048780487805,10,195,205,2.8,1000
35,Greedy,980,692,286,2,0.7338282078472959,0.05405405405405406,0.005434782608695652,1,183,184,7.0,1000
36,Greedy,932,194,727,11,0.6953405017921147,0.016845329249617153,0.16129032258064516,30,156,186,1.9666666666666666,1000
37,Greedy,935,289,631,15,0.706601466992665,0.028517110266159697,0.09854014598540146,27,247,274,2.5555555555555554,1000
38,Greedy,949,603,344,2,0.7019790454016298,0.022222222222222223,0.08,14,161,175,8.571428571428571,1000
39,Greedy,939,219,700,20,0.7474402730375427,0.030959752321981424,0.1270718232044199,23,158,181,33.43478260869565,1000
40,Greedy,935,443,485,7,0.7088,0.02258064516129032,0.0060790273556231,2,327,329,63.5,1000
41,Greedy,980,698,281,1,0.7401908801696713,0.02702702702702703,0.004032258064516129,1,247,248,10.0,1000
42,Greedy,980,537,440,3,0.6983094928478544,0.014218009478672985,0.0049261083743842365,1,202,203,28.0,1000
43,Greedy,970,486,479,5,0.7136563876651982,0.01730103806228374,0.0048543689320388345,1,205,206,38.0,1000
44,Greedy,951,492,454,5,0.7224669603524229,0.018518518518518517,0.1375,22,138,160,9.863636363636363,1000
45,Greedy,978,544,430,4,0.7331536388140162,0.01694915254237288,0.01639344262295082,3,180,183,7.0,1000
46,Greedy,910,461,443,6,0.7282780410742496,0.021660649819494584,0.01893939393939394,5,259,264,14.8,1000
47,Greedy,979,507,466,6,0.7150916784203103,0.022222222222222223,0.003816793893129771,1,261,262,4.0,1000
48,Greedy,972,573,392,7,0.7403100775193798,0.03535353535353535,0.05963302752293578,13,205,218,0.3076923076923077,1000
49,Greedy,956,291,655,10,0.6751740139211136,0.01904761904761905,0.012578616352201259,4,314,318,17.75,1000
50,Greedy,935,329,600,6,0.6940928270042194,0.013015184381778741,0.013245033112582781,2,149,151,40.5,1000
1,Knowledge-Aware,915,537,371,7,0.7227456258411844,0.040697674418604654,0.02127659574468085,5,230,235,17.2,1000
2,Knowledge-Aware,894,391,495,8,0.7433460076045627,0.021739130434782608,0.09006211180124224,29,293,322,1.6206896551724137,1000
3,Knowledge-Aware,791,335,449,7,0.6864754098360656,0.0231023102310231,0.015706806282722512,3,188,191,7.666666666666667,1000
4,Knowledge-Aware,763,180,568,15,0.7142857142857143,0.029354207436399216,0.08994708994708994,17,172,189,6.647058823529412,1000
5,Knowledge-Aware,908,407,496,5,0.7267857142857143,0.014367816091954023,0.004807692307692308,1,207,208,28.0,1000
6,Knowledge-Aware,766,181,578,7,0.7357723577235772,0.013461538461538462,0.0365296803652968,8,211,219,59.375,1000
7,Knowledge-Aware,957,548,405,4,0.6919191919191919,0.024242424242424242,0.0076726342710997444,3,388,391,10.0,1000
8,Knowledge-Aware,831,307,520,4,0.7009132420091324,0.010178117048346057,0.021739130434782608,6,270,276,20.333333333333332,1000
9,Knowledge-Aware,925,497,423,5,0.7089871611982882,0.022321428571428572,0.005780346820809248,1,172,173,33.0,1000
10,Knowledge-Aware,905,507,392,6,0.7120786516853933,0.031088082901554404,0.05263157894736842,12,216,228,9.666666666666666,1000
11,Knowledge-Aware,909,513,394,2,0.7297297297297297,0.009708737864077669,0.15950920245398773,26,137,163,2.923076923076923,1000
12,Knowledge-Aware,958,600,354,4,0.7434944237918215,0.026490066225165563,0.008888888888888889,2,223,225,9.5,1000
13,Knowledge-Aware,960,659,299,2,0.7322222222222222,0.03333333333333333,0.0030864197530864196,1,323,324,38.0,1000
14,Knowledge-Aware,888,398,481,9,0.7069271758436945,0.027692307692307693,0.03271028037383177,7,207,214,99.85714285714286,1000
15,Knowledge-Aware,865,305,551,9,0.6963470319634704,0.02107728337236534,0.019801980198019802,4,198,202,111.75,1000
16,Knowledge-Aware,730,225,497,8,0.7142857142857143,0.01927710843373494,0.04411764705882353,9,195,204,4.333333333333333,1000
17,Knowledge-Aware,766,296,465,5,0.709832134292566,0.014326647564469915,0.045283018867924525,12,253,265,17.666666666666668,1000
18,Knowledge-Aware,876,353,515,8,0.7478813559322034,0.019801980198019802,0.1452513966480447,26,153,179,1.7692307692307692,1000
19,Knowledge-Aware,912,383,519,10,0.6888489208633094,0.028089887640449437,0.04430379746835443,7,151,158,6.0,1000
20,Knowledge-Aware,812,258,544,10,0.7146814404432132,0.022172949002217297,0.12849162011173185,46,312,358,10.608695652173912,1000
21,Knowledge-Aware,814,236,573,5,0.7564102564102564,0.0099601593625498,0.02654867256637168,3,110,113,23.333333333333332,1000
22,Knowledge-Aware,922,488,431,3,0.7093023255813954,0.01282051282051282,0.1576923076923077,41,219,260,1.3414634146341464,1000
23,Knowledge-Aware,879,339,530,10,0.7167019027484144,0.024630541871921183,0.07342657342657342,21,265,286,8.523809523809524,1000
24,Knowledge-Aware,959,648,310,1,0.7043478260869566,0.02564102564102564,0.011049723756906077,2,179,181,5.5,1000
25,Knowledge-Aware,958,593,363,2,0.716183574879227,0.015384615384615385,0.040983606557377046,10,234,244,6.5,1000
26,Knowledge-Aware,895,312,574,9,0.7188940092165899,0.019522776572668113,0.014598540145985401,4,270,274,34.0,1000
27,Knowledge-Aware,863,412,447,4,0.7006802721088435,0.014545454545454545,0.057057057057057055,19,314,333,10.631578947368421,1000
28,Knowledge-Aware,890,439,440,11,0.7208538587848933,0.03914590747330961,0.03636363636363636,6,159,165,94.66666666666667,1000
29,Knowledge-Aware,919,479,433,7,0.722473604826546,0.02734375,0.028225806451612902,7,241,248,47.714285714285715,1000
30,Knowledge-Aware,958,568,388,2,0.6926829268292682,0.014492753623188406,0.003937007874015748,1,253,254,0.0,1000
31,Knowledge-Aware,931,481,443,7,0.7063142437591777,0.028,0.08196721311475409,15,168,183,3.3333333333333335,1000
32,Knowledge-Aware,791,237,545,9,0.7203647416413373,0.01948051948051948,0.026737967914438502,5,182,187,19.8,1000
33,Knowledge-Aware,931,436,485,10,0.7402376910016978,0.029239766081871343,0.19230769230769232,40,168,208,0.975,1000
34,Knowledge-Aware,924,503,415,6,0.7496274217585693,0.023715415019762844,0.06829268292682927,14,191,205,57.42857142857143,1000
35,Knowledge-Aware,957,662,293,2,0.7347391786903441,0.03571428571428571,0.005434782608695652,1,183,184,7.0,1000
36,Knowledge-Aware,849,417,424,8,0.7380530973451327,0.028169014084507043,0.08064516129032258,15,171,186,9.0,1000
37,Knowledge-Aware,803,218,569,16,0.7100977198697068,0.03225806451612903,0.12043795620437957,33,241,274,6.242424242424242,1000
38,Knowledge-Aware,915,575,337,3,0.696969696969697,0.03333333333333333,0.10285714285714286,18,157,175,9.444444444444445,1000
39,Knowledge-Aware,886,313,559,14,0.6971046770601337,0.032036613272311214,0.022099447513812154,4,177,181,9.5,1000
40,Knowledge-Aware,746,194,541,11,0.6855123674911661,0.023758099352051837,0.08206686930091185,27,302,329,33.407407407407405,1000
41,Knowledge-Aware,964,687,276,1,0.7395048439181916,0.02857142857142857,0.004032258064516129,1,247,248,10.0,1000
42,Knowledge-Aware,934,509,423,2,0.7001375515818432,0.00966183574879227,0.0049261083743842365,1,202,203,28.0,1000
43,Knowledge-Aware,922,478,439,5,0.7220543806646526,0.019230769230769232,0.0048543689320388345,1,205,206,38.0,1000
44,Knowledge-Aware,917,577,339,1,0.698547215496368,0.01098901098901099,0.1125,18,142,160,5.555555555555555,1000
45,Knowledge-Aware,935,515,416,4,0.7357142857142858,0.01702127659574468,0.03278688524590164,6,177,183,36.666666666666664,1000
46,Knowledge-Aware,868,298,564,6,0.7180722891566265,0.013245033112582781,0.07196969696969698,19,245,264,32.0,1000
47,Knowledge-Aware,911,483,424,4,0.7166172106824926,0.016877637130801686,0.011450381679389313,3,259,262,5.666666666666667,1000
48,Knowledge-Aware,935,541,391,3,0.7350543478260869,0.01507537688442211,0.23394495412844038,51,167,218,0.6666666666666666,1000
49,Knowledge-Aware,907,464,439,4,0.6823529411764706,0.01762114537444934,0.02830188679245283,9,309,318,22.444444444444443,1000
50,Knowledge-Aware,585,185,396,4,0.7170542635658915,0.012232415902140673,0.059602649006622516,9,142,151,12.333333333333334,1000
